Title,Author,Original Price (COP),Actual Price (COP),Discount %,Units Left,Link,Number of Opinions,Extra Information,Date
Siddartha,Hesen, 28.000, 21.000,25,Quedan 89 unidades,https://www.buscalibre.com.co/libro-siddartha/9789589196687/p/32485405,(0),"['', 'Nuevo']",2023-10-21
Siddartha,Array, 101.069, 50.534,50,Quedan 100+  unidades,https://www.buscalibre.com.co/libro-siddartha/9781720469360/p/53434381,(0),"['Createspace Independent Publishing Platform', ' 2018', ' Tapa Blanda', 'Nuevo']",2023-10-21
Siddhartha,Hermann Hesse, 129.700, 64.850,50,Quedan 5 unidades,https://www.buscalibre.com.co/libro-siddhartha/9788466350952/p/52804400,(14),"['Debolsillo', ' 2020', ' 1ª edición', ' Tapa dura', 'Nuevo']",2023-10-21
Siddhartha (Ed. Escolar),Hermann Hesse, 46.000, 27.600,40,Quedan 69 unidades,https://www.buscalibre.com.co/libro-siddhartha-ed-escolar/9789588611280/p/17946638,(12),"['Debolsillo', ' 2010', ' Tapa blanda', 'Nuevo']",2023-10-21
Siddhartha (tapa dura),Hermann Hesse, 49.900, 29.940,40,Quedan 2 unidades,https://www.buscalibre.com.co/libro-siddhartha-tapa-dura/9789807716345/p/54885841,(1),"['Lucemar', ' 2020', ' Tapa Dura', 'Nuevo']",2023-10-21
Siddhartha. Alma de Niño,Hermann Hesse, 99.699, 49.849,50,Quedan 100+  unidades,https://www.buscalibre.com.co/libro-siddhartha-alma-de-nino/9789561230200/p/48128579,(7),"['Zig-Zag', ' 2013', ' Tapa Blanda', 'Nuevo']",2023-10-21
Siddhartha,"Hesse, Hermann", 93.320, 46.660,50,Quedan 5 unidades,https://www.buscalibre.com.co/libro-siddhartha/9788499899855/p/7110928,(8),"['Debolsillo', ' 2017', ' 001ª edición', ' Tapa Blanda', 'Nuevo']",2023-10-21
Siddhartha,, 95.625, 47.813,50,Queda 1 unidad,https://www.buscalibre.com.co/libro-siddhartha/9789563161816/p/51420876,(0),"['Origo Ediciones', 'Usado']",2023-10-21
La Armonía de las Células,Siddhartha Mukherjee, 79.000, 47.400,40,Quedan 62 unidades,https://www.buscalibre.com.co/libro-la-armonia-de-las-celulas/9789585132887/p/54962669,(3),"['Debate', ' 2023', ' 1ª edición', ' Tapa Blanda', 'Nuevo']",2023-10-21
Siddhartha,Hermann Hesse, 94.900, 75.920,20,Quedan 9 unidades,https://www.buscalibre.com.co/libro-siddhartha/9788435009027/p/998421,(2),"['Edhasa', ' 2002', ' 1ª edición', ' Tapa Dura', 'Nuevo']",2023-10-21
"Siddhartha, Alma de Nino",, 90.359, 45.180,50,Quedan 5 unidades,https://www.buscalibre.com.co/libro-siddhartha-alma-de-nino/9789561217768/p/1063253,(0),"['Zig Zag', ' 2009', ' Tapa blanda', 'Nuevo']",2023-10-21
Siddhartha,Hermann Hesse, 105.548, 52.774,50,Quedan 100+  unidades,https://www.buscalibre.com.co/libro-siddhartha/9789807716000/p/47337683,(0),"['Lucemar', ' 2014', ' 1ª edición', ' Tapa Blanda', 'Nuevo']",2023-10-21
Siddhartha,"Hesse, Herman", 100.712, 50.356,50,Quedan 5 unidades,https://www.buscalibre.com.co/libro-siddhartha/9789568643102/p/51439719,(0),"['Ediciones Promocionales Ltda.', ' Tapa Blanda', 'Nuevo']",2023-10-21
Siddhartha,"Hesse, Hermann", 103.764, 51.882,50,Queda 1 unidad,https://www.buscalibre.com.co/libro-siddhartha/9789706272010/p/1439095,(0),"['Tomo', ' Tapa Blanda', 'Usado']",2023-10-21
Siddhartha,Hermann Hesse, 123.870, 61.935,50,Quedan 100+  unidades,https://www.buscalibre.com.co/libro-siddhartha/9789875660830/p/1019634,(1),"['Debolsillo', ' 2005', ' 1ª edición', ' Tapa blanda', 'Nuevo']",2023-10-21
Las Leyes de la Medicina,Siddhartha Mukherjee, 84.513, 42.257,50,Quedan 100+  unidades,https://www.buscalibre.com.co/libro-las-leyes-de-la-medicina/9788492921775/p/49001414,(1),"['Empresa Activa', ' 2017', ' 1ª edición', ' Tapa Blanda', 'Nuevo']",2023-10-21
El gen,Siddhartha Mukherjee, 153.669, 76.834,50,Quedan 100+  unidades,https://www.buscalibre.com.co/libro-el-gen/9786073812047/p/54071651,(0),"['Debolsillo', ' Esp - Random House Mondadori', ' 2022', ' Tapa Blanda', 'Nuevo']",2023-10-21
Siddhartha,Hermann Hesse, 197.243, 98.621,50,Quedan 39 unidades,https://www.buscalibre.com.co/libro-siddhartha/9789876282451/p/35345905,(2),"['Edhasa', ' 2013', ' 1ª edición', ' Tapa Blanda', 'Nuevo']",2023-10-21
Siddhartha (libro en Inglés),"Hesse, Hermann", 79.067, 39.534,50,Quedan 5 unidades,https://www.buscalibre.com.co/libro-siddhartha-libro-en-ingles/9780553208849/p/1640288,(0),"['Bantam', ' 1982', ' Noª edición', ' Libro de bolsillo', 'Nuevo']",2023-10-21
siddhartha alma de nino,, 95.625, 47.813,50,Queda 1 unidad,https://www.buscalibre.com.co/libro-siddhartha-alma-de-nino/9789561217751/p/2184954,(0),"['zig-zag', 'Usado']",2023-10-21
El gen (edición en castellano),Siddhartha Mukherjee, 248.233, 124.117,50,Queda 1 unidad,https://www.buscalibre.com.co/libro-el-gen-edicion-en-castellano/9788499926520/p/48068644,(14),"['DEBATE', ' 2017', ' 001ª edición', ' Tapa dura', 'Nuevo']",2023-10-21
Siddhartha (Clasicos Literatura),Hermann Hesse, 141.320, 70.660,50,Queda 1 unidad,https://www.buscalibre.com.co/libro-siddhartha-clasicos-literatura/9789706660732/p/2009693,(0),"['Pluton Ediciones', ' 2006', ' 1ª edición', ' Tapa Blanda', 'Usado']",2023-10-21
Siddhartha,Hermann Hesse, 94.788, 47.394,50,Quedan 100+  unidades,https://www.buscalibre.com.co/libro-siddhartha/9789688670071/p/4190955,(0),"['Colofon', ' 2012', ' Tapa Blanda', 'Nuevo']",2023-10-21
El Emperador de Todos los Males: Una Biografía del Cáncer,"Mukherjee, Siddhartha", 131.584, 65.792,50,Quedan 4 unidades,https://www.buscalibre.com.co/libro-el-emperador-de-todos-los-males-una-biografia-del-cancer/9786073196512/p/53602203,(3),"['Debolsillo', ' 2021', ' Tapa Blanda', 'Nuevo']",2023-10-21
Fanáticos,"Mukherjee, Siddhartha", 151.003, 75.501,50,Queda 1 unidad,https://www.buscalibre.com.co/libro-fanaticos/9781439170915/p/4453029,(0),"['Scribner Book Company', ' 2018', ' 1ª edición', ' Tapa Blanda', 'Nuevo']",2023-10-21
Siddhartha,Hermann Hesse, 138.895, 69.448,50,Quedan 100+  unidades,https://www.buscalibre.com.co/libro-siddhartha/9786073101523/p/4121286,(1),"['Debolsillo', ' 2010', ' 1ª edición', ' Tapa blanda', 'Nuevo']",2023-10-21
La Armonia de las Celulas,Siddhartha Mukherjee, 184.196, 92.098,50,Quedan 5 unidades,https://www.buscalibre.com.co/libro-la-armonia-de-las-celulas/9788419399465/p/54624506,(0),"['Debate', ' 2023', ' Tapa Dura', 'Nuevo']",2023-10-21
Siddhartha,Hermann Hesse, 118.849, 59.425,50,Queda 1 unidad,https://www.buscalibre.com.co/libro-siddhartha/9788497596664/p/1817751,(0),"['Debolsillo', ' 2003', ' 001ª edición', ' Tapa blanda', 'Usado']",2023-10-21
Siddhartha,Hermann Hesse, 124.895, 62.448,50,Queda 1 unidad,https://www.buscalibre.com.co/libro-siddhartha/9788401426711/p/52176484,(0),"['Plaza & Janes Editores', ' 1999', ' 15ª edición', ' Tapa Blanda', 'Usado']",2023-10-21
Siddhartha,Hesse Hermann, 101.831, 50.915,50,Quedan 3 unidades,https://www.buscalibre.com.co/libro-siddhartha/9789974793187/p/1256030,(0),"['Centro Edi', '', ' Tapa Blanda', 'Nuevo']",2023-10-21
Siddhartha (Mint Editions) (libro en Inglés),"Hesse, Hermann ; Editions, Mint", 84.520, 42.260,50,Quedan 77 unidades,https://www.buscalibre.com.co/libro-siddhartha-mint-editions-libro-en-ingles/9781513263267/p/52505035,(0),"['Mint Editions', ' 2020', ' Tapa Blanda', 'Nuevo']",2023-10-21
Siddhartha,H. Hesse, 121.066, 60.533,50,Queda 1 unidad,https://www.buscalibre.com.co/libro-siddhartha/9788401429057/p/52315548,(0),"['Plaza & Janés', ' 1990', ' Tapa blanda', 'Usado']",2023-10-21
Siddhartha,Hermann Hesse, 143.033, 71.516,50,Quedan 15 unidades,https://www.buscalibre.com.co/libro-siddhartha/9788499082523/p/3429679,(1),"['Debolsillo', ' 2010', ' Tapa blanda', 'Nuevo']",2023-10-21
Siddhartha (libro en Inglés),"Hesse, Herman", 91.312, 45.656,50,Quedan 100+  unidades,https://www.buscalibre.com.co/libro-siddhartha-libro-en-ingles/9781530871971/p/48479628,(0),"['Createspace Independent Publishing Platform', ' 2016', ' Tapa Blanda', 'Nuevo']",2023-10-21
siddhartha,hermann hesse, 74.284, 37.142,50,Queda 1 unidad,https://www.buscalibre.com.co/libro-siddhartha/9781416561484/p/1981721,(0),"['pocket classics', 'Nuevo']",2023-10-21
Siddhartha,"Hesse, Hermann", 106.904, 53.452,50,Quedan 100+  unidades,https://www.buscalibre.com.co/libro-siddhartha/9781420947960/p/48439604,(0),"['Digireads.com', ' Tapa Blanda', 'Nuevo']",2023-10-21
"siddhartha gautama,the buddha",lisa zamosky, 85.955, 42.977,50,Queda 1 unidad,https://www.buscalibre.com.co/libro-siddhartha-gautama-the-buddha/9780743904315/p/3098007,(0),"['shell education', 'Nuevo']",2023-10-21
Siddhartha (Dover Thrift Editions) (libro en Inglés),"Hesse, Hermann", 73.232, 36.616,50,Quedan 46 unidades,https://www.buscalibre.com.co/libro-siddhartha-dover-thrift-editions-libro-en-ingles/9780486406534/p/1582526,(1),"['Dover Publications', ' 1998', ' Tapa Blanda', 'Nuevo']",2023-10-21
Pachamama Salvemos La Tierra: Escrito Desde El Corazon,Siddartha, 147.164, 73.582,50,Queda 1 unidad,https://www.buscalibre.com.co/libro-pachamama-salvemos-la-tierra-escrito-desde-el-corazon/9788416316359/p/47349828,(0),"['Mandala Ediciones', ' Tapa blanda', 'Nuevo']",2023-10-21
Siddhartha,Hermann Hesse, 110.252, 55.126,50,Quedan 87 unidades,https://www.buscalibre.com.co/libro-siddhartha/9781613823781/p/46980356,(0),"['Simon & Brown', ' 2012', ' Tapa Blanda', 'Nuevo']",2023-10-21
Siddhartha,"hesse, hermann", 109.104, 54.552,50,Quedan 100+  unidades,https://www.buscalibre.com.co/libro-siddhartha/9781603865142/p/25960899,(0),"['watchmaker publishing', ' 2013', 'Nuevo']",2023-10-21
Siddhartha: A new Translation (Shambhala Classics) (libro en Inglés),Hermann Hesse, 79.259, 39.629,50,Quedan 5 unidades,https://www.buscalibre.com.co/libro-siddhartha-a-new-translation-shambhala-classics-libro-en-ingles/9781590302279/p/1823432,(0),"['Shambhala', ' 2005', ' 1ª edición', ' Libro de bolsillo', 'Nuevo']",2023-10-21
Siddartha (libro en Inglés),"Hesse, Herman", 151.385, 75.693,50,Quedan 93 unidades,https://www.buscalibre.com.co/libro-siddartha-libro-en-ingles/9781714097722/p/52295204,(0),"['Blurb', ' 2019', ' Tapa Blanda', 'Nuevo']",2023-10-21
Libro Siddhartha,Hermann Hesse, 61.640, 30.820,50,Quedan 91 unidades,https://www.buscalibre.com.co/libro-libro-siddhartha/9789875523081/p/55014251,(0),"['', ' Tapa Blanda', 'Nuevo']",2023-10-21
Siddhartha Tarot (libro en Inglés),"Letizia, Bruno", 184.196, 92.098,50,Quedan 8 unidades,https://www.buscalibre.com.co/libro-siddhartha-tarot-libro-en-ingles/9780738773179/p/54485622,(0),"['Llewellyn Publications', ' Cards', 'Nuevo']",2023-10-21
siddhartha,hermann hesse, 88.538, 44.269,50,Quedan 100+  unidades,https://www.buscalibre.com.co/libro-siddhartha/9781607960171/p/2644008,(0),"['lightning source inc', 'Nuevo']",2023-10-21
Siddhartha,"Olesch, Gunther ; Dreher, Anke ; Coulter, Amy", 85.285, 42.643,50,Quedan 89 unidades,https://www.buscalibre.com.co/libro-siddhartha/9781501050831/p/48059601,(0),"['Createspace Independent Publishing Platform', ' Tapa Blanda', 'Nuevo']",2023-10-21
The Gene: An Intimate History (libro en Inglés),"Mukherjee, Siddhartha", 151.003, 75.501,50,Queda 1 unidad,https://www.buscalibre.com.co/libro-the-gene-an-intimate-history-libro-en-ingles/9781476733524/p/48500046,(0),"['Scribner Book Company', ' 2017', ' Tapa Blanda', 'Nuevo']",2023-10-21
Siddhartha,Hermann Hesse, 114.557, 57.278,50,Quedan 100+  unidades,https://www.buscalibre.com.co/libro-siddhartha/9780997380613/p/49917508,(0),"['Wayward Park Publishing', ' Tapa blanda', 'Nuevo']",2023-10-21
seleccion: demiam; el ultimo verano de klingsor; siddhartha; el lobo estepario; relatos,hermann hesse, 110.162, 55.081,50,Quedan 44 unidades,https://www.buscalibre.com.co/libro-seleccion-demiam-el-ultimo-verano-de-klingsor-siddhartha-el-lobo-estepario-relatos/9786074151268/p/4528299,(1),"['grupo editorial tomo', ' 2009', ' Tapa Blanda', 'Nuevo']",2023-10-21
Siddhartha,"Hesse, Hermann", 198.832, 99.416,50,Quedan 100+  unidades,https://www.buscalibre.com.co/libro-siddhartha/9781613827697/p/48586098,(0),"['Simon & Brown', ' Tapa Dura', 'Nuevo']",2023-10-21
Siddhartha (libro en Inglés),Hermann Hesse, 126.036, 63.018,50,Quedan 92 unidades,https://www.buscalibre.com.co/libro-siddhartha-libro-en-ingles/9781936041060/p/4712186,(0),"['Simon & Brown', ' 2011', ' Tapa Blanda', 'Nuevo']",2023-10-21
Siddhartha (libro en inglés),Hermann Hesse, 93.990, 46.995,50,Quedan 100+  unidades,https://www.buscalibre.com.co/libro-siddhartha-libro-en-ingles/9781724472076/p/51075789,(0),"['Createspace', ' 2018', ' Tapa blanda', 'Nuevo']",2023-10-21
Siddhartha (libro en Inglés),Hermann Hesse, 198.832, 99.416,50,Quedan 52 unidades,https://www.buscalibre.com.co/libro-siddhartha-libro-en-ingles/9781613827734/p/48388551,(0),"['Simon & Brown', ' 2016', ' Tapa Dura', 'Nuevo']",2023-10-21
Siddhartha,"Hesse, Hermann", 95.329, 47.665,50,Quedan 100+  unidades,https://www.buscalibre.com.co/libro-siddhartha/9781936594153/p/25527917,(0),"['Tribeca Books', ' 2010', ' Tapa Blanda', 'Nuevo']",2023-10-21
siddhartha,"Hesse, Hermann ; Ford, James H.", 156.455, 78.228,50,Quedan 86 unidades,https://www.buscalibre.com.co/libro-siddhartha-bilingual-edition-german-english/9780976072645/p/19508842,(0),"['Digital Pulse Publishing', ' 2005', ' Tapa Blanda', 'Nuevo']",2023-10-21
Siddhartha (Penguin Modern Classics) (libro en Inglés),Hermann Hesse, 160.869, 80.434,50,Quedan 100 unidades,https://www.buscalibre.com.co/libro-siddhartha-penguin-modern-classics-libro-en-ingles/9780141189574/p/47030303,(0),"['Penguin Classics', ' 2008', ' Noª edición', ' Tapa blanda', 'Nuevo']",2023-10-21
In the Beginning and the End,Siddartha Beth Pierce, 153.394, 76.697,50,Quedan 100+  unidades,https://www.buscalibre.com.co/libro-in-the-beginning-and-the-end/9781499501254/p/48780198,(0),"['Createspace', ' Tapa Blanda', 'Nuevo']",2023-10-21
Siddhartha (libro en Inglés),Hermann Hesse, 133.402, 66.701,50,Quedan 100+  unidades,https://www.buscalibre.com.co/libro-siddhartha-libro-en-ingles/9781613822029/p/4957875,(0),"['Simon & Brown', ' Tapa Blanda', 'Nuevo']",2023-10-21
Siddhartha (libro en Inglés),"Hesse, Hermann", 88.729, 44.364,50,Quedan 82 unidades,https://www.buscalibre.com.co/libro-siddhartha-libro-en-ingles/9781511828185/p/53644748,(0),"['Createspace Independent Publishing Platform', ' 2015', ' Tapa Blanda', 'Nuevo']",2023-10-21
Siddhartha (libro en Inglés),"Hesse, Hermann ; Hische, Jessica ; Neugroschel, Joachim", 174.917, 87.459,50,Quedan 5 unidades,https://www.buscalibre.com.co/libro-siddhartha-libro-en-ingles/9780143124337/p/18694357,(0),"['Penguin Books', ' 2013', ' Tapa Dura', 'Nuevo']",2023-10-21
Siddhartha,"hesse, hermann", 141.320, 70.660,50,Queda 1 unidad,https://www.buscalibre.com.co/libro-siddhartha/9782253008484/p/25805450,(0),"['livre de poche', ' 2002', 'Usado']",2023-10-21
siddhartha,"Hesse, Hermann ; Rosner, Hilda", 106.521, 53.261,50,Quedan 15 unidades,https://www.buscalibre.com.co/libro-siddhartha/9780811200684/p/1525205,(0),"['New Directions Publishing Corporation', ' Tapa Blanda', 'Nuevo']",2023-10-21
topology and geometry for physicists,"Nash, Charles ; Sen, Siddhartha", 139.811, 69.905,50,Quedan 2 unidades,https://www.buscalibre.com.co/libro-topology-and-geometry-for-physicists/9780486478524/p/4347255,(0),"['Dover Publications', ' 2011', ' Tapa Blanda', 'Nuevo']",2023-10-21
Siddhartha: (Starbooks Classics Editions),"Olesch, Gunther ; Dreher, Anke ; Coulter, Amy", 95.903, 47.952,50,Quedan 100+  unidades,https://www.buscalibre.com.co/libro-siddhartha-starbooks-classics-editions/9781499167474/p/48444376,(0),"['Createspace Independent Publishing Platform', ' Tapa Blanda', 'Nuevo']",2023-10-21
The Gene: An Intimate History (libro en Inglés),Siddhartha Mukherjee, 182.231, 91.116,50,Quedan 30 unidades,https://www.buscalibre.com.co/libro-the-gene-an-intimate-history-libro-en-ingles/9780099584575/p/49257869,(0),"['Random House Uk', ' 2017', ' 1ª edición', ' Tapa blanda', 'Nuevo']",2023-10-21
Siddhartha,"Hesse, Hermann", 118.547, 59.273,50,Queda 1 unidad,https://www.buscalibre.com.co/libro-siddhartha/9788447309801/p/54979458,(0),"['Rba.', '', ' Tapa Dura', 'Usado']",2023-10-21
Tráfico Sexual: El Negocio de la Esclavitud Moderna (Alianza Ensayo),Siddarth Kara, 237.753, 118.877,50,Quedan 15 unidades,https://www.buscalibre.com.co/libro-trafico-sexual-el-negocio-de-la-esclavitud-moderna-alianza-ensayo/9788420669694/p/3395722,(0),"['Alianza Editorial', ' 2010', ' 1ª edición', ' Tapa blanda', 'Nuevo']",2023-10-21
Siddhartha,, 146.560, 73.280,50,Queda 1 unidad,https://www.buscalibre.com.co/libro-siddhartha/9788489693760/p/55056054,(0),"['Editorial Optima', ' Tapa Blanda', 'Usado']",2023-10-21
Siddhartha: En Busca de la Verdad (Spanish Edition),Hermann Hesse, 101.164, 50.582,50,Quedan 54 unidades,https://www.buscalibre.com.co/libro-siddhartha-en-busca-de-la-verdad-spanish-edition/9789650060183/p/3003364,(0),"['Www.Bnpublishing.Com', ' 2008', ' N/Aª edición', ' Tapa blanda', 'Nuevo']",2023-10-21
siddhartha,hermann hesse, 103.365, 51.682,50,Quedan 85 unidades,https://www.buscalibre.com.co/libro-siddhartha/9781936594368/p/4698807,(0),"['tribeca books', 'Nuevo']",2023-10-21
Siddhartha (libro en inglés),Hermann Hesse, 102.791, 51.395,50,Quedan 100+  unidades,https://www.buscalibre.com.co/libro-siddhartha-libro-en-ingles/9781453833131/p/51060495,(0),"['Createspace', ' 2010', ' Tapa blanda', 'Nuevo']",2023-10-21
Siddhartha (Signature Classics) (libro en Inglés),"Hesse, Hermann", 97.338, 48.669,50,Quedan 3 unidades,https://www.buscalibre.com.co/libro-siddhartha-signature-classics-libro-en-ingles/9781435172265/p/54486379,(0),"['Union Square & Co.', ' Tapa Blanda', 'Nuevo']",2023-10-21
Siddhartha (libro en Inglés),Hermann Hesse, 109.295, 54.648,50,Quedan 96 unidades,https://www.buscalibre.com.co/libro-siddhartha-libro-en-ingles/9781420951486/p/53904594,(0),"['Revival Waves Of Glory Ministr', ' 2015', ' Tapa blanda', 'Nuevo']",2023-10-21
Siddhartha,"hesse, hermann", 133.402, 66.701,50,Quedan 91 unidades,https://www.buscalibre.com.co/libro-siddhartha/9781613822012/p/8935494,(0),"['simon & brown', 'Nuevo']",2023-10-21
Siddhartha (libro en Inglés),Hermann Hesse, 104.608, 52.304,50,Quedan 100+  unidades,https://www.buscalibre.com.co/libro-siddhartha-libro-en-ingles/9781441407870/p/25525526,(0),"['Createspace', ' 2010', ' Tapa Blanda', 'Nuevo']",2023-10-21
Siddhartha: Philosophical Novel (libro en Inglés),Hermann Hesse, 81.937, 40.969,50,Quedan 100+  unidades,https://www.buscalibre.com.co/libro-siddhartha-philosophical-novel-libro-en-ingles/9788027309481/p/53802461,(0),"['', ' 2020', ' Tapa blanda', 'Nuevo']",2023-10-21
Siddhartha (libro en Inglés),Herman Hesse, 136.367, 68.183,50,Quedan 100+  unidades,https://www.buscalibre.com.co/libro-siddhartha-libro-en-ingles/9781989631959/p/53031668,(0),"['Public Park Publishing', ' 2020', ' Tapa blanda', 'Nuevo']",2023-10-21
Siddhartha (Libro en Inglés),"Hesse, Hermann", 109.295, 54.648,50,Quedan 100+  unidades,https://www.buscalibre.com.co/libro-siddhartha-libro-en-ingles/9781940177748/p/54853266,(0),"['Blackrock Classics', ' Tapa Blanda', 'Nuevo']",2023-10-21
Siddhartha (Shambhala Classics) (libro en Inglés),Hermann Hesse, 107.669, 53.835,50,Quedan 5 unidades,https://www.buscalibre.com.co/libro-siddhartha-shambhala-classics-libro-en-ingles/9781570627217/p/1602260,(0),"['Shambhala', ' 2000', ' Tapa blanda', 'Nuevo']",2023-10-21
Sidhartha,Hermann Hesse, 133.662, 66.831,50,Queda 1 unidad,https://www.buscalibre.com.co/libro-sidhartha/9788435008525/p/55069057,(0),"['Edhasa', ' Tapa Blanda', 'Usado']",2023-10-21
The Laws of Medicine: Field Notes from an Uncertain Science (TED Books),Siddhartha Mukherjee, 126.992, 63.496,50,Queda 1 unidad,https://www.buscalibre.com.co/libro-the-laws-of-medicine-field-notes-from-an-uncertain-science-ted-books/9781476784847/p/48453969,(0),"['Simon & Schuster/ TED', ' Tapa Dura', 'Nuevo']",2023-10-21
siddhartha,hermann hesse, 104.608, 52.304,50,Quedan 83 unidades,https://www.buscalibre.com.co/libro-siddhartha/9781441407825/p/4355042,(0),"['createspace', ' 2010', 'Nuevo']",2023-10-21
Siddhartha (Libro en Inglés),"Hesse, Hermann", 109.295, 54.648,50,Quedan 79 unidades,https://www.buscalibre.com.co/libro-siddhartha-libro-en-ingles/9781940177137/p/54853279,(0),"['Blackrock Classics', ' Tapa Blanda', 'Nuevo']",2023-10-21
Happiness Is You,"gautam, dr siddhartha b.", 103.078, 51.539,50,Quedan 81 unidades,https://www.buscalibre.com.co/libro-happiness-is-you/9780615633435/p/18924261,(0),"['step press', ' 2012', 'Nuevo']",2023-10-21
Siddhartha,"Hesse, Hermann", 143.638, 71.819,50,Queda 1 unidad,https://www.buscalibre.com.co/libro-siddhartha/9788402074447/p/54964497,(0),"['Bruguera.', '', ' Tapa Dura', 'Usado']",2023-10-21
Siddhartha (libro en Alemán),"Hesse, Hermann", 95.999, 47.999,50,Quedan 100+  unidades,https://www.buscalibre.com.co/libro-siddhartha-libro-en-aleman/9781492133148/p/53645999,(0),"['Createspace Independent Publishing Platform', ' 2013', ' Tapa Blanda', 'Nuevo']",2023-10-21
The Gene: An Intimate History,Siddhartha Mukherjee, 168.325, 84.163,50,Queda 1 unidad,https://www.buscalibre.com.co/libro-the-gene-an-intimate-history/9781432837815/p/48464945,(0),"['Large Print Press', ' Tapa Blanda', 'Usado']",2023-10-21
Siddhartha,Hermann Hesse, 141.320, 70.660,50,Queda 1 unidad,https://www.buscalibre.com.co/libro-siddhartha/9788401382000/p/55479110,(0),"['Plaza & Janes Editores', ' Tapa Blanda', 'Usado']",2023-10-21
"the emperor of all maladies,a biography of cancer","Mukherjee, Siddhartha", 198.832, 99.416,50,Queda 1 unidad,https://www.buscalibre.com.co/libro-the-emperor-of-all-maladies-a-biography-of-cancer/9781439107959/p/3755565,(0),"['Scribner Book Company', ' 2010', ' Tapa Dura', 'Nuevo']",2023-10-21
siddhartha,hermann hesse, 145.263, 72.632,50,Quedan 100+  unidades,https://www.buscalibre.com.co/libro-siddhartha/9781605978857/p/2659389,(0),"['lightning source inc', 'Nuevo']",2023-10-21
Siddhartha: The Classic Novel (Essential Pocket Classics) (libro en Inglés),"Hesse, Hermann", 88.825, 44.412,50,Queda 1 unidad,https://www.buscalibre.com.co/libro-siddhartha-the-classic-novel-essential-pocket-classics-libro-en-ingles/9781250861849/p/54036223,(0),"[""St. Martin's Essentials"", ' 2022', ' Tapa Blanda', 'Nuevo']",2023-10-21
The Gene: An Intimate History,"Mukherjee, Siddhartha", 213.181, 106.590,50,Queda 1 unidad,https://www.buscalibre.com.co/libro-the-gene-an-intimate-history/9781476733500/p/48430085,(0),"['Scribner Book Company', ' Tapa Dura', 'Nuevo']",2023-10-21
Siddhartha (libro en Inglés),Herman Hesse, 137.228, 68.614,50,Quedan 89 unidades,https://www.buscalibre.com.co/libro-siddhartha-libro-en-ingles/9781421850207/p/53904457,(0),"['1st World Publishing', ' 2013', ' Tapa blanda', 'Nuevo']",2023-10-21
siddhartha,hermann hesse, 149.855, 74.927,50,Quedan 65 unidades,https://www.buscalibre.com.co/libro-siddhartha/9781438510637/p/3245786,(0),"['lightning source inc', 'Nuevo']",2023-10-21
Siddhartha (libro en Inglés),Hermann Hesse, 146.560, 73.280,50,Queda 1 unidad,https://www.buscalibre.com.co/libro-siddhartha-libro-en-ingles/9780330354851/p/54639089,(0),"['Pan Books Ltd', ' Tapa Blanda', 'Usado']",2023-10-21
siddhartha,hermann hesse, 118.383, 59.192,50,Quedan 63 unidades,https://www.buscalibre.com.co/libro-siddhartha/9781604595925/p/3513068,(0),"['wilder publications', 'Nuevo']",2023-10-21
Siddhartha,Hermann Hesse, 124.601, 62.300,50,Quedan 100+  unidades,https://www.buscalibre.com.co/libro-siddhartha/9781481162081/p/49694823,(0),"['Createspace', ' Tapa blanda', 'Nuevo']",2023-10-21
Siddhartha,"Hesse, Hermann", 141.320, 70.660,50,Queda 1 unidad,https://www.buscalibre.com.co/libro-siddhartha/9788477398196/p/55672998,(0),"['Proa', ' Barcelona', '', ' Tapa Blanda', 'Usado']",2023-10-21
siddhartha,hermann hesse, 126.036, 63.018,50,Quedan 100+  unidades,https://www.buscalibre.com.co/libro-siddhartha/9781936041350/p/4717614,(0),"['simon & brown', 'Nuevo']",2023-10-21
Siddhartha: An Indian Tale,"hesse, hermann", 127.471, 63.735,50,Quedan 65 unidades,https://www.buscalibre.com.co/libro-siddhartha-an-indian-tale/9781434102652/p/24427809,(0),"['editorium', ' 2009', 'Nuevo']",2023-10-21
Siddhartha,"Hesse, Hermann", 198.450, 99.225,50,Quedan 94 unidades,https://www.buscalibre.com.co/libro-siddhartha/9781609421625/p/8934496,(0),"['Lits', ' Tapa Dura', 'Nuevo']",2023-10-21
The Laws of Medicine (libro en inglés) (),Siddhartha Mukherjee, 117.522, 58.761,50,Queda 1 unidad,https://www.buscalibre.com.co/libro-the-laws-of-medicine-libro-en-ingles/9781442378124/p/51347928,(0),"['Simon & Schuster Audio', ' 2015', 'Nuevo']",2023-10-21
Emperor of all Maladies: A Biography of Cancer (libro en Inglés),Siddhartha Mukherjee, 182.231, 91.116,50,Quedan 48 unidades,https://www.buscalibre.com.co/libro-emperor-of-all-maladies-a-biography-of-cancer-libro-en-ingles/9780007250929/p/18766541,(0),"['Harper Collins Publ. Uk', ' 2011', ' Tapa Blanda', 'Nuevo']",2023-10-21
siddhartha,hermann hesse, 127.853, 63.927,50,Quedan 100+  unidades,https://www.buscalibre.com.co/libro-siddhartha/9781613820834/p/4717502,(0),"['simon & brown', 'Nuevo']",2023-10-21
siddhartha,hermann hesse, 126.036, 63.018,50,Quedan 54 unidades,https://www.buscalibre.com.co/libro-siddhartha/9781936041541/p/4717618,(0),"['simon & brown', 'Nuevo']",2023-10-21
siddhartha,"Hesse, Hermann ; Rosner, Hilda", 146.794, 73.397,50,Quedan 5 unidades,https://www.buscalibre.com.co/libro-siddhartha/9780812416640/p/4947061,(0),"['Perfection Learning', 'Nuevo']",2023-10-21
siddhartha,hermann hesse, 129.862, 64.931,50,Quedan 100+  unidades,https://www.buscalibre.com.co/libro-siddhartha/9781605121659/p/2701725,(0),"['lightning source inc', 'Nuevo']",2023-10-21
Siddhartha (libro en Inglés),"Hesse, Hermann ; Watts, Alan", 106.521, 53.261,50,Quedan 100+  unidades,https://www.buscalibre.com.co/libro-siddhartha-libro-en-ingles/9781954525870/p/54514000,(0),"['Warbler Press Inc.', ' Tapa Blanda', 'Nuevo']",2023-10-21
Siddhartha Wisehouse Classics Edition (libro en Inglés),"Hesse, Hermann ; Wyllie, David", 92.555, 46.278,50,Quedan 61 unidades,https://www.buscalibre.com.co/libro-siddhartha-wisehouse-classics-edition-libro-en-ingles/9789176375495/p/54691292,(0),"['Wisehouse Classics', ' Tapa Blanda', 'Nuevo']",2023-10-21
siddhartha,hermann hesse, 133.402, 66.701,50,Quedan 87 unidades,https://www.buscalibre.com.co/libro-siddhartha/9781613821343/p/4717515,(0),"['simon & brown', 'Nuevo']",2023-10-21
Siddhartha,Hermann Hesse, 167.015, 83.508,50,Queda 1 unidad,https://www.buscalibre.com.co/libro-siddhartha/9788401422003/p/55599409,(0),"['Plaza & Janés', ' Barcelona', '', ' Tapa Blanda', 'Usado']",2023-10-21
Siddhartha (libro en Inglés),Herman Hesse, 160.869, 80.434,50,Quedan 15 unidades,https://www.buscalibre.com.co/libro-siddhartha-libro-en-ingles/9781805330196/p/55203290,(0),"['Pushkin Press Aug 2023', '', ' Tapa Blanda', 'Nuevo']",2023-10-21
Siddhartha (Modern Library) (libro en Inglés),"Hesse, Hermann ; Bernofsky, Susan ; Robbins, Tom", 117.522, 58.761,50,Quedan 5 unidades,https://www.buscalibre.com.co/libro-siddhartha-modern-library-libro-en-ingles/9780812974782/p/1925816,(0),"['Modern Library', ' 2007', ' Tapa Blanda', 'Nuevo']",2023-10-21
"The Beautiful and the Damned: Life in the new India [Paperback] [Jun 09, 2012] Siddhartha deb (libro en Inglés)",Deb Siddhartha, 141.320, 70.660,50,Queda 1 unidad,https://www.buscalibre.com.co/libro-the-beautiful-and-the-damned-life-in-the-new-india-paperback-jun-09-2012-siddhartha-deb-libro-en-ingles/9780143418962/p/55675478,(0),"['Penguin India', ' Tapa Blanda', 'Usado']",2023-10-21
Siddhartha (Shambhala Pocket Library) (libro en Inglés),"Hesse, Hermann ; Chodzin Kohn, Sherab", 107.669, 53.835,50,Quedan 5 unidades,https://www.buscalibre.com.co/libro-siddhartha-shambhala-pocket-library-libro-en-ingles/9781611806441/p/51217935,(0),"['Shambhala', ' 2018', ' Tapa Blanda', 'Nuevo']",2023-10-21
Siddhartha,"herman hesse, hesse", 177.118, 88.559,50,Quedan 59 unidades,https://www.buscalibre.com.co/libro-siddhartha/9781604248579/p/25961486,(0),"['book jungle', ' 2007', 'Nuevo']",2023-10-21
The Song of the Cell: An Exploration of Medicine and the new Human (libro en Inglés),"Mukherjee, Siddhartha", 201.224, 100.612,50,Queda 1 unidad,https://www.buscalibre.com.co/libro-the-song-of-the-cell-an-exploration-of-medicine-and-the-new-human-libro-en-ingles/9781982117351/p/54392768,(0),"['Scribner Book Company', ' Tapa Dura', 'Nuevo']",2023-10-21
Siddhartha,"hesse, hermann", 213.755, 106.877,50,Quedan 100+  unidades,https://www.buscalibre.com.co/libro-siddhartha/9781934648025/p/24974110,(0),"['norilana books', ' 2007', 'Nuevo']",2023-10-21
Siddhartha Gautama The Life of The Buddha (Real Reads),R.N. Pillau, 99.156, 49.578,50,Quedan 3 unidades,https://www.buscalibre.com.co/libro-siddhartha-gautama-the-life-of-the-buddha-real-reads/9781906230616/p/49465425,(0),"['Real Reads', ' Tapa Blanda', 'Nuevo']",2023-10-21
"siddhartha,an indian tale",hermann hesse, 137.228, 68.614,50,Quedan 100+  unidades,https://www.buscalibre.com.co/libro-siddhartha-an-indian-tale/9781934648032/p/2682542,(0),"['lightning source inc', 'Nuevo']",2023-10-21
Tammy Tries Baseball (Libro en Inglés),"Brotherton, Dawn ; Vineet, Siddhartha", 137.228, 68.614,50,Quedan 100+  unidades,https://www.buscalibre.com.co/libro-tammy-tries-baseball-libro-en-ingles/9781939696465/p/54854057,(0),"['Blue Dragon Publishing', ' LLC', ' Tapa Blanda', 'Nuevo']",2023-10-21
the point of return,"Deb, Siddhartha", 145.646, 72.823,50,Quedan 95 unidades,https://www.buscalibre.com.co/libro-the-point-of-return/9780060501532/p/4321480,(0),"['Ecco Press', ' 2004', ' Tapa Blanda', 'Nuevo']",2023-10-21
My Family Tree Has Roots (Libro en Inglés),"Mowrey, Tina ; Siddhartha, Vineet", 123.166, 61.583,50,Quedan 100+  unidades,https://www.buscalibre.com.co/libro-my-family-tree-has-roots-libro-en-ingles/9781953021274/p/54827891,(0),"['Brandylane Publishers', ' Inc.', ' Tapa Blanda', 'Nuevo']",2023-10-21
Siddhartha (Penguin Twentieth,"Hesse, Hermann ; Neugroschel, Joachim ; Freedman, Ralph", 107.956, 53.978,50,Quedan 5 unidades,https://www.buscalibre.com.co/libro-siddhartha-penguin-twentieth-century-classics-libro-en-ingles/9780141181233/p/4717162,(0),"['Penguin Group', ' 1999', ' Tapa Blanda', 'Nuevo']",2023-10-21
an outline of the republic,"Deb, Siddhartha", 140.098, 70.049,50,Quedan 100+  unidades,https://www.buscalibre.com.co/libro-an-outline-of-the-republic/9780060501570/p/18693934,(0),"['Ecco Press', ' 2006', ' Tapa Blanda', 'Nuevo']",2023-10-21
siddhartha,"Smith C. Hyp Msc D., Jane Ma ; Hesse, Herman", 111.783, 55.891,50,Quedan 90 unidades,https://www.buscalibre.com.co/libro-siddhartha/9781438247250/p/4698715,(0),"['Createspace Independent Publishing Platform', ' Tapa Blanda', 'Nuevo']",2023-10-21
Siddhartha (libro en Inglés),Hermann Hesse, 181.727, 90.864,50,Queda 1 unidad,https://www.buscalibre.com.co/libro-siddhartha-libro-en-ingles/9789390736966/p/54073505,(0),"['True Sign Publishing House', ' 2021', ' Tapa blanda', 'Nuevo']",2023-10-21
"Siddhartha (World Classics, Unabridged) (Libro en Inglés)","Hesse, Hermann", 129.097, 64.548,50,Quedan 100+  unidades,https://www.buscalibre.com.co/libro-siddhartha-world-classics-unabridged-libro-en-ingles/9789386101129/p/54687316,(0),"['Alpha Edition', ' Tapa Blanda', 'Nuevo']",2023-10-21
Siddhartha: An Indian Tale,"hesse, hermann", 183.144, 91.572,50,Quedan 100+  unidades,https://www.buscalibre.com.co/libro-siddhartha-an-indian-tale/9780982499450/p/19658672,(0),"['ancient wisdom publications', ' 2010', 'Nuevo']",2023-10-21
siddhartha,"Hesse, Herman", 229.347, 114.674,50,Quedan 95 unidades,https://www.buscalibre.com.co/libro-siddhartha/9781605120652/p/2701724,(0),"['Akasha Classics', ' Tapa Dura', 'Nuevo']",2023-10-21
Siddhartha,Mr Herman Hesse, 140.767, 70.384,50,Quedan 100+  unidades,https://www.buscalibre.com.co/libro-siddhartha/9781540409096/p/48392928,(0),"['Createspace', ' Tapa blanda', 'Nuevo']",2023-10-21
Siddhartha (libro en Inglés),Hermann Hesse, 195.006, 97.503,50,Quedan 61 unidades,https://www.buscalibre.com.co/libro-siddhartha-libro-en-ingles/9781609422592/p/52667695,(0),"['Lits', ' 2011', ' Tapa dura', 'Nuevo']",2023-10-21
Siddhartha (libro en Catalán),Hermann Hesse, 144.948, 72.474,50,Quedan 6 unidades,https://www.buscalibre.com.co/libro-siddhartha-libro-en-catalan/9788417423131/p/52323669,(0),"['Labutxaca', ' 2020', ' Tapa blanda', 'Nuevo']",2023-10-21
Siddhartha (libro en Inglés),Hermann Hesse, 197.648, 98.824,50,Queda 1 unidad,https://www.buscalibre.com.co/libro-siddhartha-libro-en-ingles/9789390960460/p/54101624,(0),"['Diamond Pocket Books', ' 2021', ' Tapa blanda', 'Nuevo']",2023-10-21
Siddhartha (Literatura Unibertsala),Hermann Hesse, 154.923, 77.462,50,Quedan 6 unidades,https://www.buscalibre.com.co/libro-siddhartha-literatura-unibertsala/9788497469012/p/46990815,(0),"['Erein Argitaletxea', ' Tapa blanda', 'Nuevo']",2023-10-21
Siddhartha,Hermann Hesse, 172.255, 86.128,50,Queda 1 unidad,https://www.buscalibre.com.co/libro-siddhartha/9788482888330/p/54659849,(0),"['La Voz De Galicia', '', ' Tapa Dura', 'Usado']",2023-10-21
"No Dogs, No Indians","Bose, Siddhartha", 168.126, 84.063,50,Quedan 100+  unidades,https://www.buscalibre.com.co/libro-no-dogs-no-indians/9781908058485/p/49631758,(0),"['Penned in the Margins', ' Tapa Blanda', 'Nuevo']",2023-10-21
Divorced Indian Man: Divorce  After an Arranged Marriage in India (libro en Inglés),Siddhartha Dowera, 85.285, 42.643,50,Quedan 75 unidades,https://www.buscalibre.com.co/libro-divorced-indian-man-divorce-after-an-arranged-marriage-in-india-libro-en-ingles/9781658099820/p/52677685,(0),"['Independently Published', ' 2020', ' Tapa blanda', 'Nuevo']",2023-10-21
Siddhartha (Libro en Inglés),"Hesse, Hermann", 160.473, 80.236,50,Quedan 95 unidades,https://www.buscalibre.com.co/libro-siddhartha-libro-en-ingles/9789355220585/p/54696544,(0),"['Classy Publishing', ' Tapa Blanda', 'Nuevo']",2023-10-21
Siddhartha (libro en Inglés),"Hesse, Hermann", 184.388, 92.194,50,Quedan 66 unidades,https://www.buscalibre.com.co/libro-siddhartha-libro-en-ingles/9781774414491/p/52445444,(0),"['Binker North', ' 2020', ' Tapa Dura', 'Nuevo']",2023-10-21
Siddhartha: A Novel by Hermann Hesse (libro en Inglés),Hermann Hesse, 144.976, 72.488,50,Quedan 24 unidades,https://www.buscalibre.com.co/libro-siddhartha-a-novel-by-hermann-hesse-libro-en-ingles/9781577153757/p/55606543,(0),"['Wellfleet Press', ' Tapa Dura', 'Nuevo']",2023-10-21
Siddhartha (Arcturus Silhouette Classics) (libro en Inglés),"Hesse, Hermann ; Pearson, Will Aaltonen", 117.809, 58.905,50,Quedan 6 unidades,https://www.buscalibre.com.co/libro-siddhartha-arcturus-silhouette-classics-libro-en-ingles/9781788887946/p/53630066,(0),"['Arcturus Editions', ' 2019', ' Tapa Dura', 'Nuevo']",2023-10-21
Siddhartha Hermann Hesse (libro en Inglés),Hermann Hesse, 155.212, 77.606,50,Quedan 52 unidades,https://www.buscalibre.com.co/libro-siddhartha-hermann-hesse-libro-en-ingles/9781540855152/p/53888698,(0),"['Createspace', ' 2016', ' Tapa blanda', 'Nuevo']",2023-10-21
Siddhartha,Hermann Hesse, 200.171, 100.086,50,Quedan 100+  unidades,https://www.buscalibre.com.co/libro-siddhartha/9781515434559/p/50282110,(0),"['Wilder Publications', ' Tapa Dura', 'Nuevo']",2023-10-21
Siddhartha (libro en inglés),Hermann Hesse, 193.284, 96.642,50,Quedan 100+  unidades,https://www.buscalibre.com.co/libro-siddhartha-libro-en-ingles/9781613827680/p/51198912,(0),"['Simon & Brown', ' 2011', ' Tapa dura', 'Nuevo']",2023-10-21
Siddhartha (libro en Inglés),"Hesse, Herman", 190.892, 95.446,50,Quedan 100+  unidades,https://www.buscalibre.com.co/libro-siddhartha-libro-en-ingles/9781989814390/p/52322685,(0),"['Public Park Publishing', ' 2020', ' Tapa Dura', 'Nuevo']",2023-10-21
The Abcs of sri Lanka (libro en Inglés),Siddhartha Padmanabha; Nimmi Ponnambalam, 128.714, 64.357,50,Quedan 7 unidades,https://www.buscalibre.com.co/libro-the-abcs-of-sri-lanka-libro-en-ingles/9781643439518/p/53639252,(0),"['Beavers Pond Pr', ' 2020', ' Tapa dura', 'Nuevo']",2023-10-21
Siddhartha ( Libro + Cartas ) Tarot,"Letizia, Bruno", 221.729, 110.864,50,Quedan 3 unidades,https://www.buscalibre.com.co/libro-siddhartha-libro-cartas-tarot/9788865277706/p/54409354,(0),"['Lo Scarabeo', 'Nuevo']",2023-10-21
siddhartha,"Hesse, Hermann ; Rosner, Hilda ; Hesse, Hermann", 210.790, 105.395,50,Quedan 71 unidades,https://www.buscalibre.com.co/libro-siddhartha/9780811202923/p/4701547,(0),"['New Directions Publishing Corporation', ' Tapa Dura', 'Nuevo']",2023-10-21
Siddhartha: An Indian Tale (libro en Inglés),"Hesse, Hermann", 181.929, 90.964,50,Queda 1 unidad,https://www.buscalibre.com.co/libro-siddhartha-an-indian-tale-libro-en-ingles/9781034670919/p/54074800,(0),"['Blurb', ' 2022', ' Tapa Blanda', 'Nuevo']",2023-10-21
SIDDHARTHA (En papel),HERMANN HESSE, 192.409, 96.204,50,Queda 1 unidad,https://www.buscalibre.com.co/libro-siddhartha-en-papel/9788401498794/p/47433429,(0),"['PLAZA & JANES EDITORES', ' Tapa blanda', 'Usado']",2023-10-21
La Armonia de las Celulas. Una Exploracion de la Medicina y del Nuevo ser Humano,"Mukherjee, Siddhartha", 266.992, 133.496,50,Quedan 100+  unidades,https://www.buscalibre.com.co/libro-la-armonia-de-las-celulas-una-exploracion-de-la-medicina-y-del-nuevo-ser-humano/9789877950649/p/55570151,(0),"['Debate', ' 2023', ' Tapa Blanda', 'Nuevo']",2023-10-21
Siddhartha (Peter Owen Cased Classics) (libro en Inglés),"Hesse, Hermann ; Rosner, Hilda ; Iyer, Pico", 144.976, 72.488,50,Quedan 4 unidades,https://www.buscalibre.com.co/libro-siddhartha-peter-owen-cased-classics-libro-en-ingles/9780720620115/p/53507395,(0),"['Peter Owen Publishers', ' 2020', ' Tapa Dura', 'Nuevo']",2023-10-21
Even the Gods,"orie, mr lester siddhartha", 210.857, 105.429,50,Quedan 100+  unidades,https://www.buscalibre.com.co/libro-even-the-gods/9781451520873/p/25942093,(0),"['createspace', ' 2010', 'Nuevo']",2023-10-21
Siddhartha: An Indian Tale (Fabulous Novellas),Herman Hesse, 137.611, 68.805,50,Quedan 100+  unidades,https://www.buscalibre.com.co/libro-siddhartha-an-indian-tale-fabulous-novellas/9780648182672/p/49791136,(0),"['Skomlin', ' Tapa blanda', 'Nuevo']",2023-10-21
Siddhartha: An Indian Tale (libro en Inglés),"Hesse, Hermann", 175.300, 87.650,50,Quedan 59 unidades,https://www.buscalibre.com.co/libro-siddhartha-an-indian-tale-libro-en-ingles/9781781393925/p/54119946,(0),"['Benediction Classics', ' 2013', ' Tapa Dura', 'Nuevo']",2023-10-21
LebensFluss,Mathias Jung, 175.782, 87.891,50,Queda 1 unidad,https://www.buscalibre.com.co/libro-lebensfluss-hermann-hesses-siddhartha/9783891891001/p/47071969,(0),"['Emu-Verlags-Gmbh', ' Tapa dura', 'Nuevo']",2023-10-21
Siddhartha: An Indian Tale (libro en Inglés),Hermann Hesse, 184.388, 92.194,50,Quedan 51 unidades,https://www.buscalibre.com.co/libro-siddhartha-an-indian-tale-libro-en-ingles/9781774815595/p/53820094,(0),"['Spirit Seeker Books', ' 2021', ' Tapa blanda', 'Nuevo']",2023-10-21
B Ground West: ..a drift into kgp..,Siddhartha Bhasker, 131.775, 65.888,50,Quedan 100+  unidades,https://www.buscalibre.com.co/libro-b-ground-west-a-drift-into-kgp/9781945621277/p/48614932,(0),"['Notion Press', ' Inc.', ' Tapa Blanda', 'Nuevo']",2023-10-21
Siddhartha (Libro en Hindi),"Hesse, Hermann", 168.126, 84.063,50,Quedan 55 unidades,https://www.buscalibre.com.co/libro-siddhartha-libro-en-hindi/9789355213136/p/54696588,(0),"['Prabhat Prakashan', ' Tapa Blanda', 'Nuevo']",2023-10-21
Strangetop Hill (libro en Inglés),"Sosa, Toiya ; Siddhartha, Vineet K.", 184.196, 92.098,50,Quedan 100+  unidades,https://www.buscalibre.com.co/libro-strangetop-hill-libro-en-ingles/9780578297873/p/54583056,(0),"['Toiya Sosa', ' Tapa Dura', 'Nuevo']",2023-10-21
"God's New World Global Citizens and One Nation: A Dream at Present, a Truth in Future","gauri, sidhartha", 123.166, 61.583,50,Quedan 100+  unidades,https://www.buscalibre.com.co/libro-god-s-new-world-global-citizens-and-one-nation-a-dream-at-present-a-truth-in-future/9780595412563/p/19213357,(0),"['iuniverse', ' 2006', 'Nuevo']",2023-10-21
Siddhartha (libro en Inglés),Herman Hesse, 292.091, 146.045,50,Queda 1 unidad,https://www.buscalibre.com.co/libro-siddhartha-libro-en-ingles/9781421851181/p/55145399,(0),"['1st World Publishing', ' Tapa Dura', 'Nuevo']",2023-10-21
8 Minute Decision: 8 minutes all it takes to change Your life: Volume 1 (Series 1),Mr Rastogi Siddhartha, 84.424, 42.212,50,Quedan 100+  unidades,https://www.buscalibre.com.co/libro-8-minute-decision-8-minutes-all-it-takes-to-change-your-life-volume-1-series-1/9789385818660/p/49835765,(0),"['Online Gatha', ' Tapa blanda', 'Nuevo']",2023-10-21
The Song of the Cell,"Mukherjee, Siddhartha", 182.231, 91.116,50,Quedan 100+  unidades,https://www.buscalibre.com.co/libro-the-song-of-the-cell/9781529111781/p/55607898,(0),"['Vintage', '', ' Tapa Blanda', 'Nuevo']",2023-10-21
Siddhartha: An Indian Tale (Libro en Inglés),"Hesse, Hermann", 208.302, 104.151,50,Quedan 100+  unidades,https://www.buscalibre.com.co/libro-siddhartha-an-indian-tale-libro-en-ingles/9781936828296/p/54856757,(0),"['Nmd Books', ' Tapa Blanda', 'Nuevo']",2023-10-21
Summary and Analysis of The Gene: An Intimate History: Based on the Book by Siddhartha Mukherjee (Smart Summaries),Worth Books, 78.972, 39.486,50,Quedan 100+  unidades,https://www.buscalibre.com.co/libro-summary-and-analysis-of-the-gene-an-intimate-history-based-on-the-book-by-siddhartha-mukherjee-smart-summaries/9781504046695/p/49948035,(0),"['Worth Books', ' Tapa blanda', 'Nuevo']",2023-10-21
The Song of the Cell: An Exploration of Medicine and the new Human (libro en Inglés),"Mukherjee, Siddhartha", 256.428, 128.214,50,Quedan 49 unidades,https://www.buscalibre.com.co/libro-the-song-of-the-cell-an-exploration-of-medicine-and-the-new-human-libro-en-ingles/9781847925978/p/54173083,(0),"['Bodley Head', '', ' 2022', ' Tapa Dura', 'Nuevo']",2023-10-21
Hindi Translation of Siddhartha: An Indian Tale (libro en Hindi),Hermann Hesse, 124.697, 62.348,50,Quedan 100+  unidades,https://www.buscalibre.com.co/libro-hindi-translation-of-siddhartha-an-indian-tale-libro-en-hindi/9781484178423/p/54512495,(0),"['Createspace Independent Publishing Platform', ' Tapa Blanda', 'Nuevo']",2023-10-21
Oversight: A Collection of Short Stories (libro en Inglés),Siddhartha Elangovan, 153.299, 76.649,50,Quedan 53 unidades,https://www.buscalibre.com.co/libro-oversight-a-collection-of-short-stories-libro-en-ingles/9781645876496/p/52421585,(0),"['Notion Press', ' 2020', ' Tapa blanda', 'Nuevo']",2023-10-21
The Light at the end of the World (libro en Inglés),"Deb, Siddhartha", 174.917, 87.459,50,Quedan 5 unidades,https://www.buscalibre.com.co/libro-the-light-at-the-end-of-the-world-libro-en-ingles/9781641294669/p/54960001,(0),"['Soho Press', ' Tapa Dura', 'Nuevo']",2023-10-21
The Song of the Cell: An Exploration of Medicine and the new Human (libro en Inglés),Siddhartha Mukherjee, 146.220, 73.110,50,Queda 1 unidad,https://www.buscalibre.com.co/libro-the-song-of-the-cell-an-exploration-of-medicine-and-the-new-human-libro-en-ingles/9781982117368/p/55006268,(0),"['Scribner', ' Tapa Blanda', 'Nuevo']",2023-10-21
The Case for Nature,"Shrikanth, Siddarth", 232.312, 116.156,50,Quedan 60 unidades,https://www.buscalibre.com.co/libro-the-case-for-nature/9780715654729/p/54904597,(0),"['Duckworth', '', ' Tapa Dura', 'Nuevo']",2023-10-21
"Primary Sources, Historical Collections: Prince Siddartha: The Japanese Buddha, with a Foreword by T. S. Wentworth","atkinson, john laidlaw", 300.594, 150.297,50,Quedan 50 unidades,https://www.buscalibre.com.co/libro-primary-sources-historical-collections-prince-siddartha-the-japanese-buddha-with-a-foreword-by-t-s-wentworth/9781241099978/p/22646741,(0),"['primary sources', ' historical collections', ' 2011', 'Nuevo']",2023-10-21
Greying Gracefully: Planning for Retirement and Old Age Happiness (Libro en Inglés),"Ganguli, Siddhartha", 160.569, 80.284,50,Quedan 92 unidades,https://www.buscalibre.com.co/libro-greying-gracefully-planning-for-retirement-and-old-age-happiness-libro-en-ingles/9788184246971/p/54703683,(0),"['Allied Publishers Pvt. Ltd.', ' Tapa Blanda', 'Nuevo']",2023-10-21
JUST PLAY! Life lessons from Traditional Indian Games (Libro en Inglés),"Sidhartha, Vinita", 174.822, 87.411,50,Quedan 100+  unidades,https://www.buscalibre.com.co/libro-just-play-life-lessons-from-traditional-indian-games-libro-en-ingles/9789355205698/p/54696626,(0),"['Rupa Publ iCat Ions India', ' Tapa Blanda', 'Nuevo']",2023-10-21
Siddhartha Puzzle Pack (Print) (libro en inglés),Mary B. Collins, 229.156, 114.578,50,Quedan 100+  unidades,https://www.buscalibre.com.co/libro-siddhartha-puzzle-pack-print-libro-en-ingles/9781602494435/p/50925904,(0),"['Teachers Pet Pub', ' 2008', ' Tapa blanda', 'Nuevo']",2023-10-21
The Beautiful and the Damned: A Portrait of the New India (libro en Inglés),"Deb, Siddhartha", 143.733, 71.866,50,Quedan 100+  unidades,https://www.buscalibre.com.co/libro-the-beautiful-and-the-damned-a-portrait-of-the-new-india-libro-en-ingles/9780865478732/p/9075194,(0),"['Farrar', ' Straus and Giroux', ' Tapa Blanda', 'Nuevo']",2023-10-21
"prince siddhartha,the story of buddha",jonathan landaw, 184.196, 92.098,50,Quedan 2 unidades,https://www.buscalibre.com.co/libro-prince-siddhartha-the-story-of-buddha/9780861716531/p/4363729,(0),"['pgw', ' 2011', 'Nuevo']",2023-10-21
Siddhartha: An Indian Tale (libro en Inglés),Herman Hesse, 255.701, 127.851,50,Quedan 100+  unidades,https://www.buscalibre.com.co/libro-siddhartha-an-indian-tale-libro-en-ingles/9781644394311/p/53840596,(0),"['Indoeuropeanpublishing.Com', ' 2021', ' Tapa dura', 'Nuevo']",2023-10-21
Sidartha. a Story of Mystery.,"Behenna, Kathleen", 313.607, 156.803,50,Quedan 65 unidades,https://www.buscalibre.com.co/libro-sidartha-a-story-of-mystery/9781241204822/p/23471312,(0),"['British Library', ' Historical Print Editions', ' 2011', ' Tapa Blanda', 'Nuevo']",2023-10-21
My Family Tree has Roots (libro en Inglés),"Mowrey, Tina ; Siddhartha, Vineet", 238.963, 119.481,50,Queda 1 unidad,https://www.buscalibre.com.co/libro-my-family-tree-has-roots-libro-en-ingles/9781953021267/p/54229382,(0),"['Brandylane Publishers', ' Inc.', ' 2022', ' Tapa Dura', 'Nuevo']",2023-10-21
Siddhartha: Hermann Hesse (Macmillan Collector&#39; S Library) (libro en Inglés),Hermann Hesse, 167.922, 83.961,50,Quedan 43 unidades,https://www.buscalibre.com.co/libro-siddhartha-hermann-hesse-macmillan-collector-39-s-library-libro-en-ingles/9781529024043/p/53577015,(0),"['', ' 2020', ' 1ª edición', ' Tapa dura', 'Nuevo']",2023-10-21
The Gene: An Intimate History,Siddhartha Mukherjee, 272.537, 136.269,50,Queda 1 unidad,https://www.buscalibre.com.co/libro-the-gene-an-intimate-history/9781508211389/p/48425583,(0),"['Simon & Schuster Audio', ' Audio CD', 'Nuevo']",2023-10-21
Siddhartha,Hesse Hermann, 234.227, 117.113,50,Queda 1 unidad,https://www.buscalibre.com.co/libro-siddhartha-an-indian-novel-libro-en-portugues/9781835661062/p/55715925,(0),"['Tranzlaty', ' Tapa Blanda', 'Nuevo']",2023-10-21
Compatibility of Chemicals against Diamondback Moth,Danagowdar Siddartha, 526.018, 263.009,50,Quedan 50 unidades,https://www.buscalibre.com.co/libro-compatibility-of-chemicals-against-diamondback-moth/9783659354809/p/46666788,(0),"['LAP Lambert Academic Publishing', ' Tapa blanda', 'Nuevo']",2023-10-21
An Inch Away from Death: A Novel Based on an Award Winning Essay,"rajagopal, siddarth", 179.796, 89.898,50,Quedan 100+  unidades,https://www.buscalibre.com.co/libro-an-inch-away-from-death-a-novel-based-on-an-award-winning-essay/9781477139059/p/25576266,(0),"['xlibris corporation', ' 2012', 'Nuevo']",2023-10-21
Siddhartha (Mint Editions―Philosophical and Theological Work) (libro en Inglés),Hermann Hesse, 194.910, 97.455,50,Quedan 100+  unidades,https://www.buscalibre.com.co/libro-siddhartha-mint-editions-philosophical-and-theological-work-libro-en-ingles/9781513136592/p/54307043,(0),"['Mint Editions', ' Tapa Blanda', 'Nuevo']",2023-10-21
Tackling Poverty Challenges,"sarkar, siddhartha", 617.584, 308.792,50,Quedan 50 unidades,https://www.buscalibre.com.co/libro-tackling-poverty-challenges/9783838383323/p/24965136,(0),"['lap lambert academic publishing', ' 2010', 'Nuevo']",2023-10-21
Women at Workplace: Work Family Interface (libro en inglés),Saxena Siddhartha; Dash Sasmita, 292.766, 146.383,50,Quedan 50 unidades,https://www.buscalibre.com.co/libro-women-at-workplace-work-family-interface-libro-en-ingles/9783659709715/p/46797723,(0),"['Lap Lambert Academic Publishing', ' 2015', ' Tapa blanda', 'Nuevo']",2023-10-21
Robotization and Economic Development (libro en Inglés),Siddhartha Mitra, 286.079, 143.040,50,Quedan 10 unidades,https://www.buscalibre.com.co/libro-robotization-and-economic-development-libro-en-ingles/9780367356095/p/54165779,(0),"['Routledge India', ' 2022', ' 1ª edición', ' Tapa blanda', 'Nuevo']",2023-10-21
Fiber Based Dispersion Compensation,"ramachandran, siddarth", 1.825.082, 912.541,50,Quedan 100+  unidades,https://www.buscalibre.com.co/libro-fiber-based-dispersion-compensation/9780387403472/p/19192451,(0),"['springer', ' 2007', 'Nuevo']",2023-10-21
Why Poor People Stay Poor,"sarkar, siddhartha", 546.259, 273.129,50,Quedan 50 unidades,https://www.buscalibre.com.co/libro-why-poor-people-stay-poor/9783838381619/p/24964976,(0),"['lap lambert academic publishing', ' 2010', 'Nuevo']",2023-10-21
Conscious Management: Managing and Leading Happily at the Workplace and at Home,Siddhartha Ganguli, 168.221, 84.111,50,Quedan 100+  unidades,https://www.buscalibre.com.co/libro-conscious-management-managing-and-leading-happily-at-the-workplace-and-at-home/9788184246582/p/49845307,(0),"['Allied Publishers Pvt. Ltd.', ' Tapa blanda', 'Nuevo']",2023-10-21
Sams Teach Yourself c++ in one Hour a day (libro en Inglés),"Rao, Siddhartha", 298.065, 149.033,50,Quedan 10 unidades,https://www.buscalibre.com.co/libro-sams-teach-yourself-c-in-one-hour-a-day-libro-en-ingles/9780137334681/p/54112985,(0),"['Sams Publishing', ' 2022', ' Tapa Blanda', 'Nuevo']",2023-10-21
Traditional Methods and Community Participation in Forest Conservation,"david, siddarth", 422.886, 211.443,50,Quedan 50 unidades,https://www.buscalibre.com.co/libro-traditional-methods-and-community-participation-in-forest-conservation/9783639300185/p/25495803,(0),"['vdm verlag', ' 2010', 'Nuevo']",2023-10-21
Thermal Data for Natural and Synthetic Fuels,"gaur, siddhartha", 808.268, 404.134,50,Quedan 68 unidades,https://www.buscalibre.com.co/libro-thermal-data-for-natural-and-synthetic-fuels/9780824700706/p/19249218,(0),"['crc press', ' 1998', 'Nuevo']",2023-10-21
Siddhartha: A Venture in Life Sublime,"macwan, alka", 487.464, 243.732,50,Quedan 50 unidades,https://www.buscalibre.com.co/libro-siddhartha-a-venture-in-life-sublime/9783659124785/p/25762003,(0),"['lap lambert academic publishing', ' 2012', 'Nuevo']",2023-10-21
Entrepreneurship Development in the Developing World,"dash, dr siddhartha sankar", 422.886, 211.443,50,Quedan 50 unidades,https://www.buscalibre.com.co/libro-entrepreneurship-development-in-the-developing-world/9783846503409/p/25945322,(0),"['lap lambert academic publishing', ' 2011', 'Nuevo']",2023-10-21
How I Discovered My Power: A story of affirmation for children and families. (Libro en Inglés),"Love, Alisha L. ; Siddhartha, Vineet", 172.909, 86.454,50,Quedan 100+  unidades,https://www.buscalibre.com.co/libro-how-i-discovered-my-power-a-story-of-affirmation-for-children-and-families-libro-en-ingles/9781952011634/p/54830404,(0),"['Pen It! Publications', ' LLC', ' Tapa Blanda', 'Nuevo']",2023-10-21
Markov Networks in Evolutionary Computation,siddhartha shakya roberto santana (eds.), 1.383.490, 691.745,50,Quedan 67 unidades,https://www.buscalibre.com.co/libro-markov-networks-in-evolutionary-computation/9783642288999/p/16967331,(0),"['', ' 2012', 'Nuevo']",2023-10-21
Europe's Fiscal Catastrophe,Bhattacharya Siddhartha, 338.067, 169.033,50,Quedan 50 unidades,https://www.buscalibre.com.co/libro-europe-s-fiscal-catastrophe-a-case-study-of-greece/9783847348184/p/46668968,(0),"['LAP Lambert Academic Publishing', ' Tapa blanda', 'Nuevo']",2023-10-21
Siddhartha,Hesse Hermann, 228.584, 114.292,50,Queda 1 unidad,https://www.buscalibre.com.co/libro-siddhartha-una-novela-india-an-indian-novel/9781835661031/p/55713547,(0),"['Tranzlaty', '', ' Tapa Blanda', 'Nuevo']",2023-10-21
The Song of the Cell: An Exploration of Medicine and the new Human (libro en Inglés) (Audiolibro),"Mukherjee, Siddhartha ; Boutsikaris, Dennis", 249.662, 124.831,50,Queda 1 unidad,https://www.buscalibre.com.co/libro-the-song-of-the-cell-an-exploration-of-medicine-and-the-new-human-libro-en-ingles-audiolibro/9781797147086/p/54428025,(0),"['Simon & Schuster Audio', ' Audio CD', 'Nuevo']",2023-10-21
Hybrid Metaheuristics: Research and Applications (libro en Inglés),Bhattacharyya Siddhartha, 1.036.763, 518.382,50,Queda 1 unidad,https://www.buscalibre.com.co/libro-hybrid-metaheuristics-research-and-applications-libro-en-ingles/9789813270220/p/55143386,(0),"['World Scientific Pub Co Inc', ' Tapa Dura', 'Nuevo']",2023-10-21
"C++ in One Hour a Day, Sams Teach Yourself (8th Edition)",Siddhartha Rao, 267.962, 133.981,50,Quedan 3 unidades,https://www.buscalibre.com.co/libro-c-in-one-hour-a-day-sams-teach-yourself-8th-edition/9780789757746/p/48447222,(0),"['Sams Publishing', ' Tapa Blanda', 'Nuevo']",2023-10-21
Enterprising Dominica!the Success Story of Dybt,"dash, siddhartha sankar", 487.464, 243.732,50,Quedan 50 unidades,https://www.buscalibre.com.co/libro-enterprising-dominica-the-success-story-of-dybt/9783659121883/p/25761838,(0),"['lap lambert academic publishing', ' 2012', 'Nuevo']",2023-10-21
Process Engineering and Plant Design (libro en Inglés),Siddhartha Mukherjee, 655.774, 327.887,50,Quedan 10 unidades,https://www.buscalibre.com.co/libro-process-engineering-and-plant-design-libro-en-ingles/9780367248413/p/54502764,(0),"['Crc Press', ' 1ª edición', ' Tapa Dura', 'Nuevo']",2023-10-21
"siddhartha,the prince who became buddha",marilia albanese, 400.621, 200.310,50,Queda 1 unidad,https://www.buscalibre.com.co/libro-siddhartha-the-prince-who-became-buddha/9788854403956/p/2000223,(0),"['Random House Mondadori', 'Usado']",2023-10-21
High Performance Computing in Power and Energy Systems,"khaitan, siddhartha kumar", 1.479.194, 739.597,50,Quedan 100+  unidades,https://www.buscalibre.com.co/libro-high-performance-computing-in-power-and-energy-systems/9783642326820/p/24697746,(0),"['springer', ' 2012', 'Nuevo']",2023-10-21
"interest rate markets,a practical approach to fixed income","Jha, Siddhartha", 520.034, 260.017,50,Quedan 88 unidades,https://www.buscalibre.com.co/libro-interest-rate-markets-a-practical-approach-to-fixed-income/9780470932209/p/4373652,(0),"['Wiley', ' 2011', ' Tapa Dura', 'Nuevo']",2023-10-21
Signaling Mechanism in Blood Platelets and Effect of Nanosilver,"shrivastava, dr siddhartha", 617.584, 308.792,50,Quedan 50 unidades,https://www.buscalibre.com.co/libro-signaling-mechanism-in-blood-platelets-and-effect-of-nanosilver/9783844329278/p/25433357,(0),"['lap lambert academic publishing', ' 2011', 'Nuevo']",2023-10-21
"Somebody Loves Me: Dominica and St.Lucia's exquisite beauty,Malawi's warm hearted people,Belgium's hospitality and 'Venice of the East'",Siddhartha Dash, 192.040, 96.020,50,Quedan 100+  unidades,https://www.buscalibre.com.co/libro-somebody-loves-me-dominica-and-st-lucia-s-exquisite-beauty-malawi-s-warm-hearted-people-belgium-s-hospitality-and-venice-of-the-east/9783659470011/p/46574446,(0),"['JustFiction Edition', ' Tapa blanda', 'Nuevo']",2023-10-21
Quantum Inspired Computational Intelligence (libro en Inglés),Siddhartha Bhattacharyya; Ujjwal Maulik; Paramartha Dutta, 918.836, 459.418,50,Quedan 100+  unidades,https://www.buscalibre.com.co/libro-quantum-inspired-computational-intelligence-libro-en-ingles/9780128044094/p/49564051,(0),"['Morgan Kaufmann', ' 2016', ' 1ª edición', ' Tapa blanda', 'Nuevo']",2023-10-21
AWS Certified Advanced Networking Official Study Guide: Specialty Exam,"Chauhan, Sidhartha ; Halachmi, Alan ; Devine, James", 362.207, 181.103,50,Quedan 100+  unidades,https://www.buscalibre.com.co/libro-aws-certified-advanced-networking-official-study-guide-specialty-exam/9781119439837/p/50024814,(0),"['Sybex', ' Tapa Blanda', 'Nuevo']",2023-10-21
The Politics of Human Trafficking: Lessons From Asia and Europe (libro en Inglés),Siddhartha Sarkar, 918.836, 459.418,50,Quedan 90 unidades,https://www.buscalibre.com.co/libro-the-politics-of-human-trafficking-lessons-from-asia-and-europe-libro-en-ingles/9781793611697/p/52460989,(0),"['Lexington Books', ' 2020', ' Tapa dura', 'Nuevo']",2023-10-21
Many,Siddhartha Sen; Kumar Sankar Gupta, 594.393, 297.196,50,Quedan 62 unidades,https://www.buscalibre.com.co/libro-many-body-physics-topology-and-geometry-libro-en-ingles/9789814678162/p/52864011,(0),"['Wspc', ' 2015', ' Tapa dura', 'Nuevo']",2023-10-21
Swarm Intelligence for Cloud Computing (libro en Inglés),"Indrajit Pan, Mohamed Abd Elaziz, Siddhartha Bhat", 655.774, 327.887,50,Quedan 10 unidades,https://www.buscalibre.com.co/libro-swarm-intelligence-for-cloud-computing-libro-en-ingles/9780367030551/p/55649067,(0),"['Crc Pr Inc', ' 1ª edición', ' Tapa Dura', 'Nuevo']",2023-10-21
Intelligent Innovations in Multimedia Data Engineering and Management (libro en Inglés),Siddhartha Bhattacharyya, 2.057.676, 1.028.838,50,Queda 1 unidad,https://www.buscalibre.com.co/libro-intelligent-innovations-in-multimedia-data-engineering-and-management-libro-en-ingles/9781522571070/p/55071562,(0),"['Engineering Science Reference', ' Tapa Dura', 'Nuevo']",2023-10-21
"Order out of Chaos: Islam, Information, and the Rise and Fall of Social Orders in Iraq (Religion and Conflict) (libro en Inglés)",David Siddhartha Patel, 290.105, 145.052,50,Queda 1 unidad,https://www.buscalibre.com.co/libro-order-out-of-chaos-islam-information-and-the-rise-and-fall-of-social-orders-in-iraq-religion-and-conflict-libro-en-ingles/9781501767944/p/54480618,(0),"['Cornell University Press', ' Tapa Blanda', 'Nuevo']",2023-10-21
Roßhalde. Knulp. Demian. Siddhartha: Bd. 3,Hermann Hesse, 435.512, 217.756,50,Queda 1 unidad,https://www.buscalibre.com.co/libro-roshalde-knulp-demian-siddhartha-bd-3/9783518411032/p/47087821,(0),"['Suhrkamp Verlag Gmbh', ' Tapa dura', 'Nuevo']",2023-10-21
"Economic Development, Climate Change, and the Environment (libro en Inglés)","Ajit Sinha (Editor), Siddhartha Mitra (Editor)", 340.979, 170.489,50,Quedan 10 unidades,https://www.buscalibre.com.co/libro-economic-development-climate-change-and-the-environment-libro-en-ingles/9781138376748/p/55618856,(0),"['Routledge Chapman Hall', ' Tapa Blanda', 'Nuevo']",2023-10-21
Entrepreneurship,Dash Siddhartha Sankar, 590.596, 295.298,50,Quedan 50 unidades,https://www.buscalibre.com.co/libro-entrepreneurship-with-a-mission/9783659411717/p/46642779,(0),"['LAP Lambert Academic Publishing', ' Tapa blanda', 'Nuevo']",2023-10-21
Searching Alternatives (libro en Inglés),Mukund R. Dixit (Editor) Siddarth Singh Bist (Editor) Sweety Shah (Editor), 428.380, 214.190,50,Quedan 3 unidades,https://www.buscalibre.com.co/libro-searching-alternatives-libro-en-ingles/9781032398792/p/55710973,(0),"['Routledge', ' 1ª edición', ' Tapa Blanda', 'Nuevo']",2023-10-21
Rare Isotope Beams: Concepts and Techniques (libro en Inglés),Alok Chakrabarti; Vaishali Naik; Siddhartha Dechoudhury, 918.836, 459.418,50,Quedan 10 unidades,https://www.buscalibre.com.co/libro-rare-isotope-beams-concepts-and-techniques-libro-en-ingles/9781498788786/p/55610536,(0),"['Crc Press', ' 1ª edición', ' Tapa Dura', 'Nuevo']",2023-10-21
Upfc Supplementary Damping Controller for low Frequency Oscillation (libro en Inglés),Asini Kumar Baliarsingh; Dr. Sidhartha Panda, 402.645, 201.322,50,Quedan 50 unidades,https://www.buscalibre.com.co/libro-upfc-supplementary-damping-controller-for-low-frequency-oscillation-libro-en-ingles/9783330652637/p/48917391,(0),"['Sps', ' 2017', ' Tapa blanda', 'Nuevo']",2023-10-21
Neuro,"Thomas, Kennedy Andrew ; Kureethara, Joseph Varghese ; Bhattacharyya, Siddhartha", 1.620.246, 810.123,50,Quedan 100+  unidades,https://www.buscalibre.com.co/libro-neuro-systemic-applications-in-learning-libro-en-ingles/9783030723996/p/54778700,(0),"['Springer', ' Tapa Dura', 'Nuevo']",2023-10-21
Blockchain Based Internet of Things (Libro en Inglés),"de, Debashis ; Bhattacharyya, Siddhartha ; Rodrigues, Joel J. P. C.", 1.462.409, 731.204,50,Quedan 92 unidades,https://www.buscalibre.com.co/libro-blockchain-based-internet-of-things-libro-en-ingles/9789811692628/p/54676442,(0),"['Springer', ' Tapa Blanda', 'Nuevo']",2023-10-21
"Quantum Machine Learning: 6 (de Gruyter Frontiers in Computational Intelligence, 6) (libro en Inglés)",Siddhartha Bhattacharyya, 1.339.647, 669.823,50,Quedan 89 unidades,https://www.buscalibre.com.co/libro-quantum-machine-learning-6-de-gruyter-frontiers-in-computational-intelligence-6-libro-en-ingles/9783110670646/p/53855529,(0),"['De Gruyter', ' 2020', ' 1ª edición', ' Tapa dura', 'Nuevo']",2023-10-21
"Membrane Processes: Pervaporation, Vapor Permeation and Membrane Distillation for Industrial Scale Separations (libro en inglés)",Siddhartha Moulik, 1.928.642, 964.321,50,Quedan 100+  unidades,https://www.buscalibre.com.co/libro-membrane-processes-pervaporation-vapor-permeation-and-membrane-distillation-for-industrial-scale-separations-libro-en-ingles/9781119418221/p/50038842,(0),"['John Wiley & Sons Inc', ' 2018', ' 1ª edición', ' Tapa dura', 'Nuevo']",2023-10-21
Hybrid Quantum Metaheuristics: Theory and Applications (Quantum Machine Intelligence) (libro en Inglés),"Bhattacharyya, Siddhartha ; Köppen, Mario ; Behrman, Elizabeth", 699.618, 349.809,50,Quedan 10 unidades,https://www.buscalibre.com.co/libro-hybrid-quantum-metaheuristics-theory-and-applications-quantum-machine-intelligence-libro-en-ingles/9780367751562/p/55668757,(0),"['CRC Press', ' 1ª edición', ' Tapa Dura', 'Nuevo']",2023-10-21
Intelligent Decision Support Systems: Applications in Signal Processing (Libro en Inglés),"Borra, Surekha ; Dey, Nilanjan ; Bhattacharyya, Siddhartha", 1.620.246, 810.123,50,Quedan 100+  unidades,https://www.buscalibre.com.co/libro-intelligent-decision-support-systems-applications-in-signal-processing-libro-en-ingles/9783110618686/p/54769568,(0),"['de Gruyter', ' Tapa Dura', 'Nuevo']",2023-10-21
Robotization and Economic Development (libro en Inglés),Siddhartha Mitra, 787.305, 393.652,50,Quedan 10 unidades,https://www.buscalibre.com.co/libro-robotization-and-economic-development-libro-en-ingles/9780367353223/p/54165780,(0),"['Routledge Chapman & Hall', ' 2022', ' Tapa Dura', 'Nuevo']",2023-10-21
Computer Intelligence Against Pandemics (libro en Inglés),Siddhartha Bhattacharyya; Jyoti Sekhar Banerjee; Sergey Gorbachev; Khan Muhammad; Mario Koeppen, 1.221.620, 610.810,50,Quedan 2 unidades,https://www.buscalibre.com.co/libro-computer-intelligence-against-pandemics-libro-en-ingles/9783110767667/p/55533489,(0),"['De Gruyter', ' Tapa Dura', 'Nuevo']",2023-10-21
Modeling and Simulation for the Design of Membrane Processes (libro en Inglés),"Roy, Anirban ; Moulik, Siddhartha ; Kamesh, Reddi", 1.669.088, 834.544,50,Quedan 51 unidades,https://www.buscalibre.com.co/libro-modeling-and-simulation-for-the-design-of-membrane-processes-libro-en-ingles/9781119536062/p/52003720,(0),"['Wiley-Scrivener', ' 2020', ' 1ª edición', ' Tapa Dura', 'Nuevo']",2023-10-21
"A Novel Data Analysis Procedure for Spherical Nanoindentation: PhD Thesis, Siddhartha Pathak, Department of Materials Science and Engineering, Drexel University,  June 2009",Siddhartha Pathak, 617.584, 308.792,50,Quedan 50 unidades,https://www.buscalibre.com.co/libro-a-novel-data-analysis-procedure-for-spherical-nanoindentation-phd-thesis-siddhartha-pathak-department-of-materials-science-and-engineering-drexel-university-june-2009/9783838325927/p/46632317,(0),"['Lap Lambert Acad. Publ.', ' Tapa blanda', 'Nuevo']",2023-10-21
Soft Computing for Image and Multimedia Data Processing,Siddhartha Bhattacharyya, 475.927, 237.964,50,Quedan 66 unidades,https://www.buscalibre.com.co/libro-soft-computing-for-image-and-multimedia-data-processing/9783642402548/p/49593249,(0),"['Springer', ' Tapa dura', 'Nuevo']",2023-10-21
Intelligent Multimedia Data Analysis (Frontiers in Computational Intelligence) (libro en Inglés),"Siddhartha / Pan, Indrajit / Das, Abhijit / Gupta, Shibakali Bhattacharyya", 1.251.960, 625.980,50,Quedan 100+  unidades,https://www.buscalibre.com.co/libro-intelligent-multimedia-data-analysis-frontiers-in-computational-intelligence-libro-en-ingles/9783110550313/p/51917020,(0),"['De Gruyter', ' 2019', ' 1ª edición', ' Tapa Dura', 'Nuevo']",2023-10-21
"Recent Frontiers of Phytochemicals: Applications in Food, Pharmacy, Cosmetics and Biotechnology (libro en Inglés)","Pati, Siddhartha ; Sarkar, Tanmay ; Lahiri, Dibyajit", 1.397.696, 698.848,50,Quedan 2 unidades,https://www.buscalibre.com.co/libro-recent-frontiers-of-phytochemicals-applications-in-food-pharmacy-cosmetics-and-biotechnology-libro-en-ingles/9780443191435/p/54956262,(0),"['Elsevier', ' 1ª edición', ' Tapa Blanda', 'Nuevo']",2023-10-21
Ethical Role of Statutory Auditors on Corporate Scams,Saha Siddhartha Sankar, 687.945, 343.973,50,Quedan 50 unidades,https://www.buscalibre.com.co/libro-ethical-role-of-statutory-auditors-on-corporate-scams/9783639761726/p/46594137,(0),"[""Scholars' Press"", ' Tapa blanda', 'Nuevo']",2023-10-21
Handbook of Research on Swarm Intelligence in Engineering,Siddhartha Bhattacharyya, 2.832.610, 1.416.305,50,Quedan 100+  unidades,https://www.buscalibre.com.co/libro-handbook-of-research-on-swarm-intelligence-in-engineering/9781466682917/p/50128096,(0),"['IGI Global', ' Tapa Dura', 'Nuevo']",2023-10-21
Statutory Auditors' Independence in Protecting Stakeholders' Interest: An Empirical Study (libro en Inglés),Mitrendu Narayan Roy; Siddhartha Sankar Saha, 1.778.083, 889.042,50,Quedan 100+  unidades,https://www.buscalibre.com.co/libro-statutory-auditors-independence-in-protecting-stakeholders-interest-an-empirical-study-libro-en-ingles/9783319737263/p/50875403,(0),"['Palgrave Macmillan', ' 2018', ' 1ª edición', ' Tapa dura', 'Nuevo']",2023-10-21
Acsl,"Rangavajjula, Siddhartha", 414.362, 207.181,50,Quedan 100+  unidades,https://www.buscalibre.com.co/libro-acsl-junior-class-room-divisions-book-1-vol-1-american-computer-science-league-paperback-or-softback-libro-en-ingles/9781950573370/p/54834268,(0),"['Math-Knots Llc 5/26/2019', '', ' Tapa Blanda', 'Nuevo']",2023-10-21
Capital Markets and Investments: Essential Insights and Concepts for Professionals,Siddhartha Dastidar, 434.949, 217.475,50,Quedan 54 unidades,https://www.buscalibre.com.co/libro-capital-markets-and-investments-essential-insights-and-concepts-for-professionals/9780998814506/p/49863530,(0),"['Reading Light Publication', ' Tapa blanda', 'Nuevo']",2023-10-21
Problemas Sociais Actuais,"Rajadurai, J Benet|Devi K, Roshinibala|Madankar, Siddarth", 962.161, 481.081,50,Queda 1 unidad,https://www.buscalibre.com.co/libro-problemas-sociais-actuais/9786206335771/p/55543339,(0),"['Edições Nosso Conhecimento', '', ' Tapa Blanda', 'Nuevo']",2023-10-21
Corporate Accounting Scandals: Select Case Studies across the Globe,Siddhartha Sankar Saha, 557.825, 278.913,50,Quedan 50 unidades,https://www.buscalibre.com.co/libro-corporate-accounting-scandals-select-case-studies-across-the-globe/9783659925252/p/48237075,(0),"['LAP LAMBERT Academic Publishing', ' Tapa Blanda', 'Nuevo']",2023-10-21
Conservation Landscapes and Human Well,"Krishnan, Siddhartha:", 787.305, 393.652,50,Quedan 10 unidades,https://www.buscalibre.com.co/libro-conservation-landscapes-and-human-well-being-sustainable-development-in-the-eastern-himalayas-transition-in-northeastern-india-libro-en-ingles/9781138313972/p/55621729,(0),"['Routledge India', ' 1ª edición', ' Tapa Dura', 'Nuevo']",2023-10-21
"Literarische Umsetzung des indischen Gedankenguts am Beispiel von Hermann Hesses Roman ""Siddhartha",Daniela Künzel, 314.901, 157.451,50,Quedan 100+  unidades,https://www.buscalibre.com.co/libro-literarische-umsetzung-des-indischen-gedankenguts-am-beispiel-von-hermann-hesses-roman-siddhartha-eine-indische-dichtung-german-edition/9783638719728/p/48849724,(0),"['GRIN Publishing', ' Tapa Blanda', 'Nuevo']",2023-10-21
"Green Innovation, Sustainable Development, and Circular Economy (Green Engineering and Technology) (libro en Inglés)","Nitin Kumar Singh, Siddhartha Pandey, Himanshu Sh", 918.836, 459.418,50,Quedan 10 unidades,https://www.buscalibre.com.co/libro-green-innovation-sustainable-development-and-circular-economy-green-engineering-and-technology-libro-en-ingles/9780367441746/p/55633457,(0),"['Crc Press', ' 1ª edición', ' Tapa Dura', 'Nuevo']",2023-10-21
Intelligent Multi,"Sarkar, Soham ; Basu, Abhishek ; Bhattacharyya, Siddhartha", 1.051.770, 525.885,50,Quedan 100+  unidades,https://www.buscalibre.com.co/libro-intelligent-multi-modal-data-processing-the-wiley-series-in-intelligent-signal-and-data-processing-libro-en-ingles/9781119571384/p/52818713,(0),"['Wiley', ' 2020', ' Tapa Dura', 'Nuevo']",2023-10-21
Handbook of Research on Advanced Hybrid Intelligent Techniques and Applications,Siddhartha Bhattacharyya, 2.416.095, 1.208.048,50,Quedan 100+  unidades,https://www.buscalibre.com.co/libro-handbook-of-research-on-advanced-hybrid-intelligent-techniques-and-applications/9781466694743/p/50121274,(0),"['IGI Global', ' Tapa Dura', 'Nuevo']",2023-10-21
Ultra,Sundaresan Siddarth, 526.018, 263.009,50,Quedan 50 unidades,https://www.buscalibre.com.co/libro-ultra-fast-microwave-annealing-of-silicon-carbide-and-gallium-nitride/9783659662188/p/46799675,(0),"['LAP Lambert Academic Publishing', ' Tapa blanda', 'Nuevo']",2023-10-21
NODULATION AND NITROGEN FIXATION WITH NON,SIDDHARTHA PROTEEM SAIKIA, 487.464, 243.732,50,Quedan 50 unidades,https://www.buscalibre.com.co/libro-nodulation-and-nitrogen-fixation-with-non-legume-zea-mays-l/9783838390390/p/46674802,(0),"['LAP Lambert Academic Publishing', ' Tapa blanda', 'Nuevo']",2023-10-21
Quality Control Procedure for Statutory Financial Audit: An Empirical Study,Siddhartha Sankar Saha, 1.116.483, 558.241,50,Quedan 73 unidades,https://www.buscalibre.com.co/libro-quality-control-procedure-for-statutory-financial-audit-an-empirical-study/9781787142275/p/49627038,(0),"['Emerald Publishing Limited', ' Tapa dura', 'Nuevo']",2023-10-21
Human,"Bhattacharyya, Siddhartha", 394.232, 197.116,50,Quedan 2 unidades,https://www.buscalibre.com.co/libro-human-centric-smart-computing-proceedings-of-ichcsc-2022/9789811954047/p/54940141,(0),"['Springer 2022-11', '', ' Tapa Blanda', 'Nuevo']",2023-10-21
Quantum,Siddhartha Bhattacharyya, 1.583.067, 791.533,50,Quedan 56 unidades,https://www.buscalibre.com.co/libro-quantum-inspired-intelligent-systems-for-multimedia-data-analysis-advances-in-computer-and-electrical-engineering/9781522552192/p/50128104,(0),"['IGI Global', ' Tapa Dura', 'Nuevo']",2023-10-21
"The Brahmaputra River in Assam: Geomorphology, Hazards, and Natural Resources (libro en Inglés)",Siddhartha Kumar Lahiri, 655.774, 327.887,50,Quedan 10 unidades,https://www.buscalibre.com.co/libro-the-brahmaputra-river-in-assam-geomorphology-hazards-and-natural-resources-libro-en-ingles/9781032298528/p/54320744,(0),"['Crc Press', ' 1ª edición', ' Tapa Dura', 'Nuevo']",2023-10-21
"Colonizing, Decolonizing, and Globalizing Kolkata: From a  Colonial  to a Post",Siddhartha Sen, 1.132.763, 566.382,50,Queda 1 unidad,https://www.buscalibre.com.co/libro-colonizing-decolonizing-and-globalizing-kolkata-from-a-colonial-to-a-post-marxist-city-asian-cities/9789462981119/p/49248562,(0),"['Amsterdam University Press', ' Tapa Dura', 'Nuevo']",2023-10-21
Mordida Profunda: A Discrepã Â¢Ncia Vertical,"Kakuloor, Jeevan Sai Kumar|Aileni, Kaladhar Reddy|Bhogi, Siddarth", 831.559, 415.780,50,Queda 1 unidad,https://www.buscalibre.com.co/libro-mordida-profunda-a-discrepa-a-ncia-vertical/9786206049678/p/54978087,(0),"['Omniscriptum|Edi?Es Nosso Conhecimento', '', ' Tapa Blanda', 'Nuevo']",2023-10-21
Novas Fronteiras no Diagnã â Stico Ortodã â Ntico,"Thadisina, Pooja Reddy|Rachala, Madhukar Reddy|Bhogi, Siddarth", 728.909, 364.454,50,Queda 1 unidad,https://www.buscalibre.com.co/libro-novas-fronteiras-no-diagna-a-stico-ortoda-a-ntico/9786205986028/p/54978001,(0),"['Omniscriptum|Edi?Es Nosso Conhecimento', ' Nuevo', 'Nuevo']",2023-10-21
soft computing in green and renewable energy systems,"kasthurirangan (edt) gopalakrishnan,siddhartha kumar (edt) khaitan,soteris (edt) kalogirou", 1.383.490, 691.745,50,Quedan 100+  unidades,https://www.buscalibre.com.co/libro-soft-computing-in-green-and-renewable-energy-systems/9783642221750/p/7628780,(0),"['springer-verlag new york inc', 'Nuevo']",2023-10-21
Investigation on behavior of inverted cone hopper of a RCC Silo: A comprehensive finite element analysis,Siddhartha Bhattacharya, 422.886, 211.443,50,Quedan 50 unidades,https://www.buscalibre.com.co/libro-investigation-on-behavior-of-inverted-cone-hopper-of-a-rcc-silo-a-comprehensive-finite-element-analysis/9783659244278/p/46607199,(0),"['Lap Lambert Academic Publishing', ' Tapa blanda', 'Nuevo']",2023-10-21
Caracterizaã â§ã â£o das Superfã Â­Cies de Implantes Dentã Â¡ Rios,"Behera, Sidhartha. S.P|Nidawani, Prakash|Galagali, Girish", 598.114, 299.057,50,Queda 1 unidad,https://www.buscalibre.com.co/libro-caracterizaa-a-a-a-o-das-superfa-a-cies-de-implantes-denta-a-rios/9786205816080/p/54652433,(0),"['Omniscriptum|Edi?Es Nosso Conhecimento', ' Nuevo', 'Nuevo']",2023-10-21
Novos Algoritmos Para a Detecã â§ã â£o de Falhas de Linha Usando pmu,"Alam, Mehebub|Thakur, Siddhartha Sankar|Banerjee, Sumit", 745.873, 372.936,50,Queda 1 unidad,https://www.buscalibre.com.co/libro-novos-algoritmos-para-a-deteca-a-a-a-o-de-falhas-de-linha-usando-pmu/9786205953563/p/54924171,(0),"['Omniscriptum|Edi?Es Nosso Conhecimento', '', ' Tapa Blanda', 'Nuevo']",2023-10-21
Dinã Â¢Mica da Contenã â§ã â£o Etnonacional no sul da ã â sia,"Manna, Siddhartha Sankar|Kothari, Raj Kumar", 983.462, 491.731,50,Queda 1 unidad,https://www.buscalibre.com.co/libro-dina-a-mica-da-contena-a-a-a-o-etnonacional-no-sul-da-a-a-sia/9786206086987/p/55002735,(0),"['Omniscriptum|Edi?Es Nosso Conhecimento', '', ' Tapa Blanda', 'Nuevo']",2023-10-21
"Indigenous People And Entrepreneurship In Kandhamal: Kandha Tribes, Land Alienation, Common Property Resources, Local Level Planning, Micro Enterprise, Women Empowerment",Siddhartha Sankar Dash, 487.464, 243.732,50,Quedan 50 unidades,https://www.buscalibre.com.co/libro-indigenous-people-and-entrepreneurship-in-kandhamal-kandha-tribes-land-alienation-common-property-resources-local-level-planning-micro-enterprise-women-empowerment/9783659234651/p/46597386,(0),"['Lap Lambert Academic Publishing', ' Tapa blanda', 'Nuevo']",2023-10-21
Select Case Studies on Accounting Scandals: Select Case Studies on Accounting Scandals: A Cross,Siddhartha Sankar Saha, 590.596, 295.298,50,Quedan 50 unidades,https://www.buscalibre.com.co/libro-select-case-studies-on-accounting-scandals-select-case-studies-on-accounting-scandals-a-cross-country-comparative-analysis-a-research-publication/9783659917936/p/48228525,(0),"['LAP LAMBERT Academic Publishing', ' Tapa Blanda', 'Nuevo']",2023-10-21
Regulating Cell to Cell Gap,Siddhartha Mitra, 617.584, 308.792,50,Quedan 50 unidades,https://www.buscalibre.com.co/libro-regulating-cell-to-cell-gap-junctional-signaling-by-tyrosine-kinase-s-crosstalk-between-tyrosine-kinase-signal-transduction-pathways-and-cx43-gap-junctional-communication/9783846534823/p/46631218,(0),"['Lap Lambert Acad. Publ.', ' Tapa blanda', 'Nuevo']",2023-10-21
Statutory Auditors' Objectivity in Corporate Accounting Scandals,Siddhartha Sankar Saha, 557.825, 278.913,50,Quedan 50 unidades,https://www.buscalibre.com.co/libro-statutory-auditors-objectivity-in-corporate-accounting-scandals/9783659405310/p/46598250,(0),"['Lap Lambert Academic Publishing', ' Tapa blanda', 'Nuevo']",2023-10-21
Confluence of Artificial Intelligence and Robotic Process Automation,"Bhattacharyya Siddhartha Bhattacharyya (), Banerjee Jyoti Sekhar Banerjee (), De Debashis De ()", 394.232, 197.116,50,Quedan 3 unidades,https://www.buscalibre.com.co/libro-confluence-of-artificial-intelligence-and-robotic-process-automation/9789811982972/p/54939789,(0),"['Springer Nature B.V. 2023-03-14', '', ' Tapa Blanda', 'Nuevo']",2023-10-21
UHF/VHF Radars studies on Atmospheric Stable and Turbulent layers: Observational Aspects of Atmospheric Stable and Turbulent Layers Structures over the Indian Region,Siddarth Shankar Das, 546.259, 273.129,50,Quedan 50 unidades,https://www.buscalibre.com.co/libro-uhf-vhf-radars-studies-on-atmospheric-stable-and-turbulent-layers-observational-aspects-of-atmospheric-stable-and-turbulent-layers-structures-over-the-indian-region/9783846558287/p/46652869,(0),"['Lap Lambert Academic Publishing', ' Tapa blanda', 'Nuevo']",2023-10-21
